Design,Type,True_Status,Pred_Status,Circuit_Correct,True_Gates,Pred_Gates,TP,FP,FN,Precision,Recall,F1_Score,Points,Inference_Time
design0.v,Trojan,TROJANED,TROJANED,1.0,71,62,62,0,9,1.0000,0.8732,0.9323,2.9323,3.2990
design1.v,Trojan,TROJANED,TROJANED,1.0,24,24,24,0,0,1.0000,1.0000,1.0000,3.0000,1.2319
design10.v,Trojan,TROJANED,TROJANED,1.0,25,28,25,3,0,0.8929,1.0000,0.9434,2.9434,0.3362
design11.v,Trojan,TROJANED,TROJANED,1.0,74,43,42,1,32,0.9767,0.5676,0.7179,2.7179,1.9892
design12.v,Trojan,TROJANED,TROJANED,1.0,52,54,52,2,0,0.9630,1.0000,0.9811,2.9811,0.4248
design13.v,Trojan,TROJANED,TROJANED,1.0,71,71,71,0,0,1.0000,1.0000,1.0000,3.0000,0.5478
design14.v,Trojan,TROJANED,TROJANED,1.0,5125,5126,5125,1,0,0.9998,1.0000,0.9999,2.9999,7.9945
design15.v,Trojan,TROJANED,TROJANED,1.0,128,130,128,2,0,0.9846,1.0000,0.9922,2.9922,0.4845
design16.v,Trojan,TROJANED,TROJANED,1.0,2003,2006,2003,3,0,0.9985,1.0000,0.9993,2.9993,2.5811
design17.v,Trojan,TROJANED,TROJANED,1.0,22,21,21,0,1,1.0000,0.9545,0.9767,2.9767,0.5598
design18.v,Trojan,TROJANED,TROJANED,1.0,65,63,63,0,2,1.0000,0.9692,0.9844,2.9844,0.1625
design19.v,Trojan,TROJANED,TROJANED,1.0,85,87,85,2,0,0.9770,1.0000,0.9884,2.9884,1.6630
design2.v,Trojan,TROJANED,TROJANED,1.0,25,16,16,0,9,1.0000,0.6400,0.7805,2.7805,0.4210
design3.v,Trojan,TROJANED,TROJANED,1.0,128,128,128,0,0,1.0000,1.0000,1.0000,3.0000,1.2364
design4.v,Trojan,TROJANED,TROJANED,1.0,31,31,31,0,0,1.0000,1.0000,1.0000,3.0000,3.1302
design5.v,Trojan,TROJANED,TROJANED,1.0,41,44,41,3,0,0.9318,1.0000,0.9647,2.9647,0.5711
design6.v,Trojan,TROJANED,TROJANED,1.0,108,78,78,0,30,1.0000,0.7222,0.8387,2.8387,1.7760
design7.v,Trojan,TROJANED,TROJANED,1.0,85,91,85,6,0,0.9341,1.0000,0.9659,2.9659,2.2174
design8.v,Trojan,TROJANED,TROJANED,1.0,44,47,41,6,3,0.8723,0.9318,0.9011,2.9011,0.0459
design9.v,Trojan,TROJANED,TROJANED,1.0,2002,2015,1995,20,7,0.9901,0.9965,0.9933,2.9933,7.2450
design20.v,Trojan-free,NO_TROJAN,NO_TROJAN,1.0,0,0,0,0,0,1.0000,1.0000,1.0000,2.0000,4.1215
design21.v,Trojan-free,NO_TROJAN,NO_TROJAN,1.0,0,0,0,0,0,1.0000,1.0000,1.0000,2.0000,6.1230
design22.v,Trojan-free,NO_TROJAN,NO_TROJAN,1.0,0,0,0,0,0,1.0000,1.0000,1.0000,2.0000,0.1126
design23.v,Trojan-free,NO_TROJAN,NO_TROJAN,1.0,0,0,0,0,0,1.0000,1.0000,1.0000,2.0000,1.9008
design24.v,Trojan-free,NO_TROJAN,NO_TROJAN,1.0,0,0,0,0,0,1.0000,1.0000,1.0000,2.0000,0.4903
design25.v,Trojan-free,NO_TROJAN,NO_TROJAN,1.0,0,0,0,0,0,1.0000,1.0000,1.0000,2.0000,0.1865
design26.v,Trojan-free,NO_TROJAN,NO_TROJAN,1.0,0,0,0,0,0,1.0000,1.0000,1.0000,2.0000,1.5979
design27.v,Trojan-free,NO_TROJAN,NO_TROJAN,1.0,0,0,0,0,0,1.0000,1.0000,1.0000,2.0000,2.0897
design28.v,Trojan-free,NO_TROJAN,NO_TROJAN,1.0,0,0,0,0,0,1.0000,1.0000,1.0000,2.0000,6.0328
design29.v,Trojan-free,NO_TROJAN,NO_TROJAN,1.0,0,0,0,0,0,1.0000,1.0000,1.0000,2.0000,1.2614
TOTAL/AVERAGE,Summary,,,1.0,10209,10165,10116,49,93,0.9952,0.9909,0.9930,78.9599,2.0611
